Name,Symbol
Bharti Airtel,BHARTIARTL.NS
Pressman Advertising,PRESSMN.NS
ABG Shipyard,ABGSHIP.NS
Bharat Electronics,BEL.NS
Bharati Defence,BHARATIDIL.NS
Reliance Defence,RDEL.NS
The Fertilisers,FACT.NS
Gujarat Narmada,GNFC.NS
Zuari Global,ZUARIGLOB.NS
Zuari Agro,ZUARI.NS
Aries Agro,ARIES.NS
Proseed India,GREENFIRE.NS
Agri-Tech (India),AGRITECH.NS
Dhanuka Agritech,DHANUKA.NS
Rashtriya Chemicals,RCF.NS
Deepak Fertilisers,DEEPAKFERT.NS
Bharat Rasayan,BHARATRAS.NS
Nath Bio-Genes,NATHBIOGEN.NS
Excel Crop,EXCELCROP.NS
Sharda Cropchem,SHARDACROP.NS
Bayer CropScience,BAYERCROP.NS
Gujarat State,GSFC.NS
Chambal Fertilisers,CHAMBLFERT.NS
National Fertilizers,NFL.NS
Madras Fertilizers,MADRASFERT.NS
Coromandel International,COROMANDEL.NS
UPL Limited,UPL.NS
Monsanto India,MONSANTO.NS
Meghmani Organics,MEGH.NS
Southern Petrochemical,SPIC.NS
PI Industries,PIIND.NS
Rallis India,RALLIS.NS
Mangalore Chemicals,MANGCHEFER.NS
Insecticides (India),INSECTICID.NS
Container Corporation,CONCOR.NS
Transport Corporation,TCI.NS
Allcargo Logistics,ALLCARGO.NS
Arshiya Limited,ARSHIYA.NS
Blue Dart,BLUEDART.NS
Gateway Distriparks,GDL.NS
Gati Limited,GATI.NS
Sical Logistics,SICAL.NS
Patel Integrated,PATINTLOG.NS
Snowman Logistics,SNOWMAN.NS
Navkar Corporation,NAVKARCORP.NS
Global Vectra,GLOBALVECT.NS
GVK Power,GVKPIL.NS
National Aluminium,NATIONALUM.NS
Maan Aluminium,MAANALU.NS
Century Extrusions,CENTEXT.NS
Hindalco Industries,HINDALCO.NS
Trent Limited,TRENT.NS
Future Lifestyle,FLFL.NS
Jindal Poly,JPOLYINVST.NS
JSW Holdings,JSWHL.NS
Multi Commodity,MCX.NS
Williamson Magor,WILLAMAGOR.NS
ATN International,ATNINTER.NS
BF Investment,BFINVEST.NS
Oswal Greentech,BINDALAGRO.NS
Crest Ventures,CREST.NS
Nahar Capital,NAHARCAP.NS
Motilal Oswal,MOTILALOFS.NS
PNB Gilts,PNBGILTS.NS
Times Guaranty,TIMESGTY.NS
Bajaj Holdings,BAJAJHLDNG.NS
IL&FS Investment,IVC.NS
Kalyani Investment,KICL.NS
Kirloskar Industries,KIRLOSIND.NS
Lakshmi Finance,LFIC.NS
Nalwa Sons,NSIL.NS
Pilani Investment,PILANIINVS.NS
SIL Investments,SILINV.NS
Indbank Merchant,INDBANK.NS
Reliance Capital,RELCAPITAL.NS
Ashok Leyland,ASHOKLEY.NS
Maruti Suzuki,MARUTI.NS
Tata Motors,TATAMOTORS.NS
Atul Auto,ATULAUTO.NS
Bajaj Auto,BAJAJ-AUTO.NS
Eicher Motors,EICHERMOT.NS
Hero MotoCorp,HEROMOTOCO.NS
Hindustan Motors,HINDMOTORS.NS
SML Isuzu,SMLISUZU.NS
LML Limited,LML.NS
TVS Motor,TVSMOTOR.NS
Tata Motors,TATAMTRDVR.NS
Mahindra &,M&M.NS
Bosch Limited,BOSCHLTD.NS
Swaraj Engines,SWARAJENG.NS
Jamna Auto,JAMNAAUTO.NS
Jullundur Motor,JMA.NS
Subros ,SUBROS.NS
Omax Autos,OMAXAUTO.NS
Wabco India,WABCOINDIA.NS
Steel Strips,SSWL.NS
India Motor,IMPAL.NS
Amtek Auto,AMTEKAUTO.NS
ANG Industries,ANGIND.NS
Automotive Stampings,ASAL.NS
Asahi India,ASAHIINDIA.NS
Munjal Auto,MUNJALAU.NS
Autolite (India),AUTOLITIND.NS
PPAP Automotive,PPAP.NS
Lumax Auto,LUMAXTECH.NS
Automotive Axles,AUTOAXLES.NS
NRB Bearings,NRBBEARING.NS
Menon Bearings,MENONBE.NS
Bharat Forge,BHARATFORG.NS
Bharat Gears,BHARATGEAR.NS
Jay Bharat,JAYBARMARU.NS
Sundaram Brake,SUNDRMBRAK.NS
Rane Brake,RBL.NS
Dynamatic Technologies,DYNAMATECH.NS
India Nippon,INDNIPPON.NS
Exide Industries,EXIDEIND.NS
Sundram Fasteners,SUNDRMFAST.NS
Federal-Mogul Goetze,FMGOETZE.NS
Hinduja Foundries,HINDUJAFO.NS
Kalyani Forge,KALYANIFRG.NS
Ucal Fuel,UCALFUEL.NS
Gabriel India,GABRIEL.NS
The Hi-Tech,HITECHGEAR.NS
Harita Seating,HARITASEAT.NS
Hindustan Composites,HINDCOMPOS.NS
Igarashi Motors,IGARASHI.NS
JBM Auto,JBMA.NS
JMT Auto,JMTAUTOLTD.NS
Sona Koyo,SONASTEER.NS
L.G. Balakrishnan,LGBBROSLTD.NS
Motherson Sumi,MOTHERSUMI.NS
TI Financial,TUBEINVEST.NS
Banco Products,BANCOINDIA.NS
Castex Technologies,CASTEXTECH.NS
Lumax Automotive,LUMAXAUTO.NS
Lumax Industries,LUMAXIND.NS
Minda Corporation,MINDACORP.NS
Munjal Showa,MUNJALSHOW.NS
Rane Engine,RANEENGINE.NS
Rane Holdings,RANEHOLDIN.NS
Rane (Madras),RML.NS
Rico Auto,RICOAUTO.NS
Maharashtra Scooters,MAHSCOOTER.NS
Shivam Autotech,SHIVAMAUTO.NS
Sundaram-Clayton Limited,SUNCLAYLTD.NS
Suprajit Engineering,SUPRAJIT.NS
Talbros Automotive,TALBROAUTO.NS
Wheels India,WHEELS.NS
Autoline Industries,AUTOIND.NS
Precision Camshafts,PRECAM.NS
Fiem Industries,FIEMIND.NS
Remsons Industries,REMSONSIND.NS
Som Distilleries,SDBL.NS
United Breweries,UBL.NS
Empee Distilleries,EDL.NS
United Breweries,UBHOLDINGS.NS
The United,UNITEDTEA.NS
Manpasand Beverages,MANPASAND.NS
IFB Agro,IFBAGRO.NS
Ravi Kumar,RKDL.NS
Pioneer Distilleries,PIONDIST.NS
Globus Spirits,GLOBUSSPR.NS
G.M.Breweries Limited,GMBREW.NS
Tilaknagar Industries,TI.NS
Celestial Biolabs,CELESTIAL.NS
Sterling Biotech,STERLINBIO.NS
Panacea Biotec,PANACEABIO.NS
Dishman Pharmaceuticals,DISHMAN.NS
Lyka Labs,LYKALABS.NS
Sequent Scientific,SEQUENT.NS
Entertainment Network,ENIL.NS
TV18 Broadcast,TV18BRDCST.NS
Sri Adhikari,SABTN.NS
Zee Entertainment,ZEEL.NS
Zee Media,ZEEMEDIA.NS
Jain Studios,JAINSTUDIO.NS
New Delhi,NDTV.NS
Sun TV,SUNTV.NS
Raj Television,RAJTV.NS
Network18 Media,NETWORK18.NS
T.V. Today,TVTODAY.NS
DEN Networks,DEN.NS
Todays Writing,TODAYS.NS
Kokuyo Camlin,KOKUYOCMLN.NS
Kesar Terminals,KTIL.NS
Allsec Technologies,ALLSEC.NS
Alankit Limited,ALANKIT.NS
CURA Technologies,CURATECH.NS
Datamatics Global,DATAMATICS.NS
eClerx Services,ECLERX.NS
Firstsource Solutions,FSL.NS
GKW Limited,GKWLIMITED.NS
Hexa Tradex,HEXATRADEX.NS
Nesco Limited,NESCO.NS
Repro India,REPRO.NS
Oracle Financial,OFSS.NS
AGC Networks,AGCNET.NS
Kellton Tech,KELLTONTEC.NS
Melstar Information,MELSTAR.NS
Persistent Systems,PERSISTENT.NS
Polaris Consulting,POLARIS.NS
aurionPro Solutions,AURIONPRO.NS
Hinduja Ventures,HINDUJAVEN.NS
Hathway Cable,HATHWAY.NS
Dish TV,DISHTV.NS
Ortel Communications,ORTEL.NS
NOCIL Limited,NOCIL.NS
Tata Chemicals,TATACHEM.NS
Gujarat Alkalies,GUJALKALI.NS
The Andhra,ANDHRSUGAR.NS
Astec LifeSciences,ASTEC.NS
Asahi Songwon,ASAHISONG.NS
Atul Ltd,ATUL.NS
BASF India,BASF.NS
Bhansali Engineering,BEPL.NS
Phillips Carbon,PHILIPCARB.NS
Punjab Chemicals,PUNJABCHEM.NS
DCW Limited,DCW.NS
DIC India,DICIND.NS
Shree Pushkar,SHREEPUSHK.NS
Gujarat Fluorochemicals,GUJFLUORO.NS
Navin Fluorine,NAVINFLUOR.NS
Foseco India,FOSECOIND.NS
GHCL Limited,GHCL.NS
India Glycols,INDIAGLYCO.NS
Gulshan Polyols,GULPOLY.NS
Hikal Limited,HIKAL.NS
Hindustan Organic,HOCL.NS
Jocil Limited,JOCIL.NS
Kanoria Chemicals,KANORICHEM.NS
Kothari Petrochemicals,KOTHARIPET.NS
Vinati Organics,VINATIORGA.NS
Shalimar Paints,SHALPAINTS.NS
Supreme Petrochem,SUPPETRO.NS
Tamilnadu Petroproducts,TNPETRO.NS
Manali Petrochemicals,MANALIPETC.NS
Sree Rayalaseema,SRHHYPOLTD.NS
Rain Industries,RAIN.NS
Refex Industries,REFEX.NS
Nelco Limited,NELCO.NS
Aksh Optifibre,AKSHOPTFBR.NS
Astra Microwave,ASTRAMICRO.NS
D-Link (India),DLINKINDIA.NS
Himachal Futuristic,HFCL.NS
Gemini Communication,GEMINI.NS
GTL Infrastructure,GTLINFRA.NS
ITI Limited,ITI.NS
Kavveri Telecom,KAVVERITEL.NS
Spice Mobility,SPICEMOBI.NS
MRO-TEK Realty,MRO-TEK.NS
Smartlink Network,SMARTLINK.NS
Paramount Communications,PARACABLES.NS
Shyam Telecom,SHYAMTEL.NS
Sterlite Technologies,STRTECH.NS
Tamilnadu Telecommunications,TNTELE.NS
Vindhya Telelinks,VINDHYATEL.NS
Cerebra Integrated,CEREBRAINT.NS
TVS Electronics,TVSELECT.NS
HCL Infosystems,HCL-INSYS.NS
Kothari Sugars,KOTARISUG.NS
K.C.P. Sugar,KCPSUGIND.NS
The Oudh,OUDHSUG.NS
The Ugar,UGARSUGAR.NS
Bannari Amman,BANARISUG.NS
Dalmia Bharat,DALMIASUG.NS
Thiru Arooran,THIRUSUGAR.NS
Rajshree Sugars,RAJSREESUG.NS
Dwarikesh Sugar,DWARKESH.NS
SKM Egg,SKMEGGPROD.NS
E.I.D.-Parry (India),EIDPARRY.NS
Upper Ganges,UPERGANGES.NS
Bajaj Hindusthan,BAJAJHIND.NS
Khaitan (India),KHAITANLTD.NS
K M,KMSUGAR.NS
Sakthi Sugars,SAKHTISUG.NS
Ponni Sugars,PONNIERODE.NS
Rana Sugars,RANASUG.NS
Shree Renuka,RENUKA.NS
Simbhaoli Sugars,SIMBHALS.NS
Mawana Sugars,MAWANASUG.NS
Parrys Sugar,PARRYSUGAR.NS
Triveni Engineering,TRIVENI.NS
Balrampur Chini,BALRAMCHIN.NS
Welspun Enterprises,WELENT.NS
Aditya Birla,ABIRLANUVO.NS
Alchemist Limited,ALCHEM.NS
Balmer Lawrie,BALMLAWRIE.NS
DCM Shriram,DCMSHRIRAM.NS
S H,SHK.NS
Hotel Rugby,HOTELRUGBY.NS
3M India,3MINDIA.NS
Manaksia Limited,MANAKSIA.NS
Cubex Tubings,CUBEXTUB.NS
Hindustan Copper,HINDCOPPER.NS
Precision Wires,PRECWIRE.NS
Rural Electrification,RECLTD.NS
Power Finance,PFC.NS
Muthoot Finance,MUTHOOTFIN.NS
Magma Fincorp,MAGMA.NS
Vardhman Holdings,VHL.NS
Cholamandalam Investment,CHOLAFIN.NS
Bajaj Finance,BAJFINANCE.NS
Capri Global,CGCL.NS
Shriram City,SHRIRAMCIT.NS
Satin Creditcare,SATIN.NS
Shriram Transport,SRTRANSFIN.NS
Sundaram Finance,SUNDARMFIN.NS
Gujarat Lease,GLFL.NS
TCI Finance,TCIFINANCE.NS
IDFC Limited,IDFC.NS
IFCI Limited,IFCI.NS
Industrial Investment,IITL.NS
Mahindra &,M&MFIN.NS
Tourism Finance,TFCILTD.NS
Capital First,CAPF.NS
L&T Finance,L&TFH.NS
Manappuram Finance,MANAPPURAM.NS
S.E. Investments,SEINV.NS
Euro Multivision,EUROMULTI.NS
Moser Baer,MOSERBAER.NS
V-Mart Retail,VMART.NS
Shoppers Stop,SHOPERSTOP.NS
V2 Retail,V2RETAIL.NS
Hind Rectifiers,HIRECT.NS
Veto Switchgears,VETO.NS
Apar Industries,APARINDS.NS
Bhagyanagar India,BHAGYNAGAR.NS
Centum Electronics,CENTUM.NS
MIC Electronics,MIC.NS
Eveready Industries,EVEREADY.NS
Genus Power,GENUSPOWER.NS
HBL Power,HBLPOWER.NS
HEG Limited,HEG.NS
KEI Industries,KEI.NS
Indo National,NIPPOBATRY.NS
De Nora,DENORA.NS
Finolex Cables,FINCABLES.NS
Cords Cable,CORDSCABLE.NS
Samtel Color,SAMTEL.NS
Indo Tech,INDOTECH.NS
Schneider Electric,SCHNEIDER.NS
Kirloskar Oil,KIRLOSENG.NS
Everest Kanto,EKC.NS
Nicco Corporation,NICCO.NS
SKF India,SKFINDIA.NS
Siemens Limited,SIEMENS.NS
Texmaco Rail,TEXRAIL.NS
Voltamp Transformers,VOLTAMP.NS
Vesuvius India,VESUVIUS.NS
ABB India,ABB.NS
Ador Welding,ADORWELD.NS
AIA Engineering,AIAENG.NS
Amara Raja,AMARAJABAT.NS
Sanghvi Forging,SANGHVIFOR.NS
Bharat Bijlee,BBL.NS
BEML Limited,BEML.NS
Bharat Heavy,BHEL.NS
Bilpower Limited,BILPOWER.NS
Kirloskar Brothers,KIRLOSBROS.NS
Cummins India,CUMMINSIND.NS
Diamond Power,DIAPOWER.NS
Easun Reyrolle,EASUNREYRL.NS
ECE Industries,ECEIND.NS
Eimco Elecon,EIMCOELECO.NS
ELGI Equipments,ELGIEQUIP.NS
Eon Electric,EON.NS
Kirloskar Electric,KECL.NS
Elecon Engineering,ELECON.NS
EMCO Limited,EMCO.NS
Kabra Extrusiontechnik,KABRAEXTRU.NS
GEI Industrial,GEINDSYS.NS
Shanthi Gears,SHANTIGEAR.NS
Goldstone Infratech,GOLDINFRA.NS
Greaves Cotton,GREAVESCOT.NS
Havells India,HAVELLS.NS
Hercules Hoists,HERCULES.NS
IFB Industries,IFBIND.NS
IMP Powers,INDLMETER.NS
The KCP,KCP.NS
KSB Pumps,KSBPUMPS.NS
Lakshmi Machine,LAXMIMACH.NS
Lokesh Machines,LOKESHMACH.NS
TRF Limited,TRF.NS
Thermax Limited,THERMAX.NS
NEPC India,NEPCMICON.NS
Honda Siel,HONDAPOWER.NS
TD Power,TDPOWERSYS.NS
Premier Limited,PREMIER.NS
Shakti Pumps,SHAKTIPUMP.NS
Ingersoll-Rand (India),INGERRAND.NS
Suzlon Energy,SUZLON.NS
Tarapur Transformers,TARAPUR.NS
TIL Limited,TIL.NS
Timken India,TIMKEN.NS
Transformers &,TRIL.NS
Triveni Turbine,TRITURBINE.NS
Inox Wind,INOXWIND.NS
Windsor Machines,WINDMACHIN.NS
Honeywell Automation,HONAUT.NS
Delta Magnets,DELTAMAGNT.NS
Graphite India,GRAPHITE.NS
Manugraph India,MANUGRAPH.NS
PAE Limited,PAEL.NS
Jaiprakash Power,JPPOWER.NS
JSW Energy,JSWENERGY.NS
KEC International,KEC.NS
NTPC Limited,NTPC.NS
Websol Energy,WEBELSOLAR.NS
XL Energy,XLENERGY.NS
Adani Power,ADANIPOWER.NS
Surana Telecom,SURANAT&P.NS
CESC Limited,CESC.NS
Lanco Infratech,LITL.NS
Surana Solar,SURANASOL.NS
Reliance Power,RPOWER.NS
The Tata,TATAPOWER.NS
PTC India,PTC.NS
RattanIndia Infrastructure,RTNINFRA.NS
Swelect Energy,SWELECTES.NS
Ujaas Energy,UJAAS.NS
Indosolar Limited,INDOSOLAR.NS
Piramal Enterprises,PEL.NS
Jubilant Life,JUBILANT.NS
Kopran Limited,KOPRAN.NS
Wanbury Limited,WANBURY.NS
Wockhardt Limited,WOCKPHARMA.NS
Aarti Drugs,AARTIDRUGS.NS
Abbott India,ABBOTINDIA.NS
Ajanta Pharma,AJANTPHARM.NS
AstraZeneca Pharma,ASTRAZEN.NS
Bafna Pharmaceuticals,BAFNAPHARM.NS
Sharon Bio-Medicine,SHARONBIO.NS
Hester Biosciences,HESTERBIO.NS
Bliss Gvs,BLISSGVS.NS
Brooks Laboratories,BROOKS.NS
Cipla Limited,CIPLA.NS
Kilitch Drugs,KILITCH.NS
FDC Limited,FDC.NS
GlaxoSmithkline Pharmaceuticals,GLAXO.NS
Granules India,GRANULES.NS
Jagsonpal Pharmaceuticals,JAGSNPHARM.NS
J. B.,JBCHEPHARM.NS
Morepen Laboratories,MOREPENLAB.NS
Unichem Laboratories,UNICHEMLAB.NS
Ind-Swift Laboratories,INDSWFTLAB.NS
Nectar Lifesciences,NECLIFE.NS
Natco Pharma,NATCOPHARM.NS
Orchid Pharma,ORCHIDPHAR.NS
Pfizer Limited,PFIZER.NS
SMS Pharmaceuticals,SMSPHARMA.NS
Torrent Pharmaceuticals,TORNTPHARM.NS
Venus Remedies,VENUSREM.NS
Aurobindo Pharma,AUROPHARMA.NS
Dr. Reddy's,DRREDDY.NS
Syncom Healthcare,SYNCOM.NS
Lupin Limited,LUPIN.NS
Sun Pharmaceutical,SUNPHARMA.NS
Indoco Remedies,INDOCO.NS
Sun Pharma,SPARC.NS
Alkem Laboratories,ALKEM.NS
Alembic Pharmaceuticals,APLLTD.NS
Alembic Limited,ALEMBICLTD.NS
Alpa Laboratories,ALPA.NS
Amrutanjan Health,AMRUTANJAN.NS
IOL Chemicals,IOLCP.NS
Gufic Biosciences,GUFICBIO.NS
Cadila Healthcare,CADILAHC.NS
Divi's Laboratories,DIVISLAB.NS
Parabolic Drugs,PARABDRUGS.NS
Mangalam Drugs,MANGALAM.NS
Glenmark Pharmaceuticals,GLENMARK.NS
Ipca Laboratories,IPCALAB.NS
Neuland Laboratories,NEULANDLAB.NS
Suven Life,SUVEN.NS
RPG Life,RPGLIFE.NS
Shilpa Medicare,SHILPAMED.NS
Piramal Phytocare,PIRPHYTO.NS
Bal Pharma,BALPHARMA.NS
Strides Shasun,STAR.NS
Themis Medicare,THEMISMED.NS
Merck Limited,MERCK.NS
Ind-Swift Limited,INDSWFTLTD.NS
Usha Martin,UMESLTD.NS
Ed &,VISUINTL.NS
Zee Learn,ZEELEARN.NS
Zen Technologies,ZENTEC.NS
Tree House,TREEHOUSE.NS
Aptech Limited,APTECHT.NS
Educomp Solutions,EDUCOMP.NS
MT Educare,MTEDUCARE.NS
LCC Infotech,LCCINFOTEC.NS
Career Point,CAREERP.NS
Compucom Software,COMPUSOFT.NS
India Power,DPSCLTD.NS
Energy Development,ENERGYDEV.NS
Power Grid,POWERGRID.NS
KSK Energy,KSK.NS
Reliance Infrastructure,RELINFRA.NS
NHPC Limited,NHPC.NS
Advance Metering,AMTL.NS
Adani Transmissions,ADANITRANS.NS
Nava Bharat,NBVENTURES.NS
Karma Energy,KARMAENG.NS
Gujarat Industries,GIPCL.NS
Jyoti Structures,JYOTISTRUC.NS
Kalpataru Power,KALPATPOWR.NS
Orient Green,GREENPOWER.NS
Torrent Power,TORNTPOWER.NS
RattanIndia Power,RTNPOWER.NS
S. E.,SEPOWER.NS
SJVN Limited,SJVN.NS
Indowind Energy,INDOWIND.NS
Videocon Industries,VIDEOIND.NS
Whirlpool of,WHIRLPOOL.NS
Butterfly Gandhimathi,BUTTERFLY.NS
BPL Limited,BPL.NS
Khaitan Electricals,KHAITANELE.NS
MIRC Electronics,MIRCELECTR.NS
Bajaj Electricals,BAJAJELEC.NS
PG Electroplast,PGEL.NS
Phoenix Lamps,PHOENIXLL.NS
Symphony Limited,SYMPHONY.NS
Salora International,SALORAINTL.NS
Noesis Industries,NOESISIND.NS
Value Industries,VALUEIND.NS
V-Guard Industries,VGUARD.NS
Shilpi Cable,SHILPI.NS
KSS Limited,KSERASERA.NS
UFO Moviez,UFO.NS
Pritish Nandy,PNC.NS
Adlabs Entertainment,ADLABS.NS
Mukta Arts,MUKTAARTS.NS
B.A.G. Films,BAGFILMS.NS
Cinevista Limited,CINEVISTA.NS
Creative Eye,CREATIVEYE.NS
Shemaroo Entertainment,SHEMAROO.NS
Eros International,EROSMEDIA.NS
Prime Focus,PFOCUS.NS
Inox Leisure,INOXLEISUR.NS
Radaan Mediaworks,RADAAN.NS
PVR Limited,PVR.NS
Saregama India,SAREGAMA.NS
Tips Industries,TIPSINDLTD.NS
Balaji Telefilms,BALAJITELE.NS
Jain Irrigation,JISLJALEQS.NS
Jain Irrigation,JISLDVREQS.NS
V.S.T. Tillers,VSTTILLERS.NS
Action Construction,ACE.NS
Gujarat Apollo,GUJAPOLLO.NS
Revathi Equipment,REVATHI.NS
Escorts Limited,ESCORTS.NS
HMT Limited,HMT.NS
Sanghvi Movers,SANGHVIMOV.NS
Sanwaria Agro,SANWARIA.NS
Sita Shree,SITASHREE.NS
Kaveri Seed,KSCL.NS
Karuturi Global,KGL.NS
Usher Agro,USHERAGRO.NS
Agro Dutch,AGRODUTCH.NS
The Anandam,ANANDAMRUB.NS
Assam Company,ASSAMCO.NS
The Bombay,BBTC.NS
Dharani Sugars,DHARSUGAR.NS
Dhampur Sugar,DHAMPURSUG.NS
Norben Tea,NORBTEAEXP.NS
Sakuma Exports,SAKUMA.NS
Harrisons Malayalam,HARRMALAYA.NS
The Peria,PKTEA.NS
N.K Industries,NKIND.NS
Pochiraju Industries,POCHIRAJU.NS
Ruchi Infrastructure,RUCHINFRA.NS
STEL Holdings,STEL.NS
Prabhat Dairy,PRABHAT.NS
Ruchi Soya,RUCHISOYA.NS
Vadilal Industries,VADILALIND.NS
Agro Tech,ATFL.NS
Gokul Agro,GOKULAGRO.NS
Hatsun Agro,HATSUN.NS
JVL Agro,JVLAGRO.NS
REI Agro,REIAGROLTD.NS
Gujarat Ambuja,GAEL.NS
Tata Global,TATAGLOBAL.NS
CCL Products,CCL.NS
LT Foods,DAAWAT.NS
Farmax India,FARMAXIND.NS
ADF Foods,ADFFOODS.NS
Kohinoor Foods,KOHINOOR.NS
Vimal Oil,VIMALOIL.NS
GlaxoSmithKline Consumer,GSKCONS.NS
Gokul Refoils,GOKUL.NS
KRBL Limited,KRBL.NS
Kwality Limited,KWALITY.NS
McLeod Russel,MCLEODRUSS.NS
Nestlé India,NESTLEIND.NS
Raj Oil,RAJOIL.NS
Rasoya Proteins,RASOYPR.NS
Rossell India,ROSSELLIND.NS
Tata Coffee,TATACOFFEE.NS
Britannia Industries,BRITANNIA.NS
Anik Industries,ANIKINDS.NS
Heritage Foods,HERITGFOOD.NS
Gujarat State,GSPL.NS
GAIL (India),GAIL.NS
Indraprastha Gas,IGL.NS
J.K. Cement,JKCEMENT.NS
Visaka Industries,VISAKAIND.NS
NCL Industries,NCLIND.NS
Orient Bell,ORIENTBELL.NS
Barak Valley,BVCL.NS
ACC Limited,ACC.NS
Ambuja Cements,AMBUJACEM.NS
Andhra Cements,ANDHRACEMT.NS
Madhav Marbles,MADHAV.NS
Star Ferro,SFCL.NS
Aro Granite,AROGRANITE.NS
Asian Granito,ASIANTILES.NS
Dalmia Bharat,DALMIABHA.NS
Edayar Zinc,BINANIIND.NS
Birla Corporation,BIRLACORPN.NS
Burnpur Cement,BURNPUR.NS
Electrosteel Castings,ELECTCAST.NS
Prism Cement,PRISMCEM.NS
Euro Ceramics,EUROCERA.NS
Cera Sanitaryware,CERA.NS
UltraTech Cement,ULTRACEMCO.NS
Mangalam Cement,MANGLMCEM.NS
Somany Ceramics,SOMANYCERA.NS
Shree Cement,SHREECEM.NS
Kakatiya Cement,KAKATCEM.NS
Gujarat Sidhee,GSCLCEMENT.NS
Orient Cement,ORIENTCEM.NS
Murudeshwar Ceramics,MURUDCERA.NS
Regency Ceramics,REGENCERAM.NS
Century Textiles,CENTURYTEX.NS
JK Lakshmi,JKLAKSHMI.NS
Deccan Cements,DECCANCE.NS
The India,INDIACEM.NS
Kajaria Ceramics,KAJARIACER.NS
HIL Limited,HIL.NS
Everest Industries,EVERESTIND.NS
Sejal Glass,SEZAL.NS
HeidelbergCement India,HEIDELBERG.NS
HSIL Limited,HSIL.NS
IFGL Refractories,IFGLREFRAC.NS
Jenson &,JENSONICOL.NS
Nitco Limited,NITCO.NS
Grindwell Norton,GRINDWELL.NS
OCL India,OCL.NS
Oriental Trimex,ORIENTALTL.NS
Ramco Industries,RAMCOIND.NS
Sanghi Industries,SANGHIIND.NS
Sicagen India,SICAGEN.NS
Sintex Industries,SINTEX.NS
Carborundum Universal,CARBORUNIV.NS
Beardsell Limited,BEARDSELL.NS
Grasim Industries,GRASIM.NS
Greenply Industries,GREENPLY.NS
McNally Bharat,MBECL.NS
Kaushalya Infrastructure,KAUSHALYA.NS
Hindustan Construction,HCC.NS
Jaihind Projects,JAIHINDPRO.NS
J. Kumar,JKIL.NS
KNR Constructions,KNRCON.NS
Praj Industries,PRAJIND.NS
Voltas Limited,VOLTAS.NS
NBCC (India),NBCC.NS
Valecha Engineering,VALECHAENG.NS
Ahluwalia Contracts,AHLUCONT.NS
B.L. Kashyap,BLKASHYAP.NS
Jaiprakash Associates,JPASSOCIAT.NS
Ashoka Buildcon,ASHOKA.NS
AXISCADES Engineering,AXISCADES.NS
BF Utilities,BFUTILITIE.NS
BGR Energy,BGRENERGY.NS
Noida Toll,NOIDATOLL.NS
BS Limited,BSLIMITED.NS
C &,CANDC.NS
Consolidated Construction,CCCL.NS
ITD Cementation,ITDCEM.NS
Hindustan Dorr-Oliver,HINDDORROL.NS
Techno Electric,TECHNO.NS
Sadbhav Engineering,SADBHAV.NS
Patel Engineering,PATELENG.NS
A2Z Infra,A2ZINFRA.NS
Shriram EPC,SHRIRAMEPC.NS
Excel Realty,EXCEL.NS
Gammon India,GAMMONIND.NS
Gayatri Projects,GAYAPROJ.NS
GI Engineering,GISOLUTION.NS
Sunil Hitech,SUNILHITEC.NS
The Indian,INDIANHUME.NS
IL&FS Engineering,IL&FSENGG.NS
IVRCL Limited,IVRCLINFRA.NS
JMC Projects,JMCPROJECT.NS
Larsen &,LT.NS
Punj Lloyd,PUNJLLOYD.NS
Man Infraconstruction,MANINFRA.NS
MBL Infrastructures,MBLINFRA.NS
Mukand Engineers,MUKANDENGG.NS
NCC Limited,NCC.NS
Om Metals,OMMETALS.NS
PBA Infrastructure,PBAINFRA.NS
Petron Engineering,PETRONENGG.NS
Power Mech,POWERMECH.NS
Puravankara Limited,PURVA.NS
Simplex Projects,SIMPLEX.NS
VKS Projects,VKSPL.NS
Pratibha Industries,PRATIBHA.NS
Prakash Constrowell,PRAKASHCON.NS
Ramky Infrastructure,RAMKY.NS
Reliance Industrial,RIIL.NS
RPP Infra,RPPINFRA.NS
Simplex Infrastructures,SIMPLEXINF.NS
Skipper Limited,SKIPPER.NS
SKIL Infrastructure,SKIL.NS
SPML Infra,SPMLINFRA.NS
Supreme Infrastructure,SUPREMEINF.NS
Tarmat Limited,TARMAT.NS
Tantia Constructions,TANTIACONS.NS
Unity Infraprojects,UNITY.NS
Walchandnagar Industries,WALCHANNAG.NS
Engineers India,ENGINERSIN.NS
Technofab Engineering,TECHNOFAB.NS
Sadbhav Infrastructure,SADBHIN.NS
Madhucon Projects,MADHUCON.NS
Shirpur Gold,SHIRPUR-G.NS
REI Six,REISIXTEN.NS
IRB Infrastructure,IRB.NS
ARSS Infrastructure,ARSSINFRA.NS
Atlanta Limited,ATLANTA.NS
Gammon Infrastructure,GAMMNINFRA.NS
GMR Infrastructure,GMRINFRA.NS
IL&FS Transportation,IL&FSTRANS.NS
Jaypee Infratech,JPINFRATEC.NS
MEP Infrastructure,MEP.NS
PNC Infratech,PNCINFRA.NS
La Opala,LAOPALA.NS
Blue Star,BLUESTARCO.NS
PIL ITALICA,PILITA.NS
JIK Industries,JIKIND.NS
Orient Paper,ORIENTPPR.NS
TTK Prestige,TTKPRESTIG.NS
Rushil Décor,RUSHIL.NS
Apollo Hospitals,APOLLOHOSP.NS
Fortis Healthcare,FORTIS.NS
HealthCare Global,HCG.NS
Narayana Hrudayalaya,NH.NS
Indraprastha Medical,INDRAMEDCO.NS
PTL Enterprises,PTL.NS
Oil India,OIL.NS
SVOGL Oil,SVOGL.NS
Hindustan Oil,HINDOILEXP.NS
Selan Exploration,SELAN.NS
Ramkrishna Forgings,RKFORGE.NS
LGB Forge,LGBFORGE.NS
Universal Cables,UNIVCABLES.NS
Kothari Products,KOTHARIPRO.NS
Hindustan Zinc,HINDZINC.NS
Adani Enterprises,ADANIENT.NS
Metkore Alloys,METKORE.NS
Ashapura Minechem,ASHAPURMIN.NS
Impex Ferro,IMPEXFERRO.NS
Gujarat Mineral,GMDCLTD.NS
Gujarat NRE,GUJNRECOKE.NS
Resurgere Mines,RMMIL.NS
MOIL Limited,MOIL.NS
20 Microns,20MICRONS.NS
MMTC Limited,MMTC.NS
The State,STCINDIA.NS
The Orissa,ORISSAMINE.NS
Vedanta Limited,VEDL.NS
Greenearth Resources,AUSTRAL.NS
Coal India,COALINDIA.NS
Mercator Limited,MERCATOR.NS
KPIT Technologies,KPIT.NS
Tata Consultancy,TCS.NS
Tech Mahindra,TECHM.NS
Mindtree Limited,MINDTREE.NS
NIIT Limited,NIITLTD.NS
Onward Technologies,ONWARDTEC.NS
Quintegra Solutions,QUINTEGRA.NS
Wipro Limited,WIPRO.NS
Xchanging Solutions,XCHANGING.NS
Zensar Technologies,ZENSARTECH.NS
Accelya Kale,ACCELYA.NS
Accel Frontline,AFL.NS
Acropetal Technologies,ACROPETAL.NS
Allied Digital,ADSL.NS
Intellect Design,INTELLECT.NS
Cambridge Technology,CTE.NS
CyberTech Systems,CYBERTECH.NS
Cyient Limited,CYIENT.NS
Dynacons Systems,DSSL.NS
Nucleus Software,NUCLEUS.NS
FCS Software,FCSSOFT.NS
Genesys International,GENESYS.NS
Sphere Global,SPHEREGSL.NS
Goldstone Technologies,GOLDTECH.NS
STG Lifecare,SOFTTECHGR.NS
GSS Infotech,GSS.NS
GTL Limited,GTL.NS
HCL Technologies,HCLTECH.NS
Hexaware Technologies,HEXAWARE.NS
IZMO Limited,IZMO.NS
TAKE Solutions,TAKE.NS
Mastek Limited,MASTEK.NS
MphasiS Limited,MPHASIS.NS
NIIT Technologies,NIITTECH.NS
Omnitech Infosolutions,OMNITECH.NS
Palred Technologies,PALRED.NS
Panoramic Universal,PANORAMUNI.NS
Ramco Systems,RAMCOSYS.NS
Redington (India),REDINGTON.NS
Rolta India,ROLTA.NS
Saksoft Limited,SAKSOFT.NS
Infinite Computer,INFINITE.NS
Tricom India,TRICOM.NS
MPS Infotecnics,VISESHINFO.NS
HOV Services,HOVS.NS
Infosys Limited,INFY.NS
3i Infotech,3IINFOTECH.NS
Info Edge,NAUKRI.NS
IntraSoft Technologies,ISFT.NS
Lycos Internet,LYCOS.NS
Net 4,NET4.NS
Almondz Global,ALMONDZ.NS
Weizmann Forex,WEIZFOREX.NS
VLS Finance,VLSFINANCE.NS
Onelife Capital,ONELIFECAP.NS
Aditya Birla,BIRLAMONEY.NS
CARE Ratings,CARERATING.NS
BLB Limited,BLBLIMITED.NS
Blue Chip,BLUECHIP.NS
DB (International),DBSTOCKBRO.NS
CRISIL Limited,CRISIL.NS
Dhunseri Investments,DHUNINV.NS
Dhunseri Petrochem,DPL.NS
Edelweiss Financial,EDELWEISS.NS
Emkay Global,EMKAY.NS
Religare Enterprises,RELIGARE.NS
Consolidated Finvest,CONSOFINVT.NS
JM Financial,JMFINANCIL.NS
HB Stockholdings,HBSTOCK.NS
Indiabulls Ventures,IBVENTURES.NS
ICRA Limited,ICRA.NS
IIFL Holdings,IIFL.NS
Keynote Corporate,KEYCORPSER.NS
Khandwala Securities,KHANDSE.NS
Prime Securities,PRIMESECU.NS
McDowell Holdings,MCDHOLDING.NS
Inventure Growth,INVENTURE.NS
Summit Securities,SUMMITSEC.NS
Tata Investment,TATAINVEST.NS
Indo Thai,INDOTHAI.NS
Ausom Enterprise,AUSOMENT.NS
Goenka Diamond,GOENKA.NS
Zodiac-JRD-MKJ Limited,ZODJRDMKJ.NS
PC Jeweller,PCJEWELLER.NS
Tara Jewels,TARAJEWELS.NS
Vaibhav Global,VAIBHAVGBL.NS
Tribhovandas Bhimji,TBZ.NS
Rajesh Exports,RAJESHEXPO.NS
Shree Ganesh,SGJHL.NS
Lypsa Gems,LYPSAGEMS.NS
Gitanjali Gems,GITANJALI.NS
Goldiam International,GOLDIAM.NS
Renaissance Jewellery,RJL.NS
Thangamayil Jewellery,THANGAMAYL.NS
KDDL Limited,KDDL.NS
Titan Company,TITAN.NS
Shrenuj &,SHRENUJ.NS
SRS Limited,SRSLTD.NS
Surana Corporation,SURANACORP.NS
Max Financial,MFSL.NS
Royal Orchid,ROHLTD.NS
Hotel Leelaventure,HOTELEELA.NS
Advani Hotels,ADVANIHOTR.NS
Asian Hotels,AHLWEST.NS
Asian Hotels,AHLEAST.NS
TGB Banquets,TGBHOTELS.NS
Apollo Sindoori,APOLSINHOT.NS
EIH Associated,EIHAHOTELS.NS
Asian Hotels,ASIANHOTNR.NS
Blue Coast,BLUECOAST.NS
The Byke,THEBYKE.NS
EIH Limited,EIHOTEL.NS
TAJGVK Hotels,TAJGVK.NS
Kamat Hotels,KAMATHOTEL.NS
Oriental Hotels,ORIENTHOT.NS
Viceroy Hotels,VICEROY.NS
The Indian,INDHOTEL.NS
Uniply Industries,UNIPLY.NS
Archidply Industries,ARCHIDPLY.NS
Century Plyboards,CENTURYPLY.NS
Mangalam Timber,MANGTIMBER.NS
Wendt (India),WENDT.NS
NRB Industrial,NIBL.NS
ESAB India,ESABINDIA.NS
Lakshmi Precision,LAKPRE.NS
Sterling Tools,STERTOOLS.NS
Technocraft Industries,TIIL.NS
Jet Airways,JETAIRWAYS.NS
InterGlobe Aviation,INDIGO.NS
Cairn India,CAIRN.NS
Oil and,ONGC.NS
Opto Circuits,OPTOCIRCUI.NS
Poly Medicure,POLYMED.NS
Vimta Labs,VIMTALABS.NS
Dr. Lal,LALPATHLAB.NS
Zenith Birla,ZENITHBIR.NS
Nelcast Limited,NELCAST.NS
Alicon Castalloy,ALICON.NS
Arcotech Limited,ARCOTECH.NS
Bil Energy,BILENERGY.NS
Pennar Engineered,PENPEBS.NS
Mahindra CIE,MAHINDCIE.NS
Electrotherm (India),ELECTHERM.NS
Rohit Ferro-Tech,ROHITFERRO.NS
Shree Ganesh,SGFL.NS
MM Forgings,MMFL.NS
Metalyst Forgings,METALFORGE.NS
Hilton Metal,HILTON.NS
Gandhi Special,GANDHITUBE.NS
Goodluck India,GOODLUCK.NS
Gravita India,GRAVITA.NS
Orient Refractories,ORIENTREF.NS
Srikalahasthi Pipes,SRIPIPES.NS
PSL Limited,PSL.NS
State Bank,SBIN.NS
Bank of,MAHABANK.NS
IDBI Bank,IDBI.NS
The Jammu,J&KBANK.NS
Kotak Mahindra,KOTAKBANK.NS
Yes Bank,YESBANK.NS
The South,SOUTHBANK.NS
Union Bank,UNIONBANK.NS
Bank of,BANKINDIA.NS
City Union,CUB.NS
Allahabad Bank,ALBK.NS
Andhra Bank,ANDHRABANK.NS
Axis Bank,AXISBANK.NS
ICICI Bank,ICICIBANK.NS
Canara Bank,CANBK.NS
Indian Bank,INDIANB.NS
IDFC Bank,IDFCBANK.NS
HDFC Bank,HDFCBANK.NS
Oriental Bank,ORIENTBANK.NS
Central Bank,CENTRALBK.NS
DCB Bank,DCBBANK.NS
Dhanlaxmi Bank,DHANBANK.NS
The Federal,FEDERALBNK.NS
Indian Overseas,IOB.NS
The Karur,KARURVYSYA.NS
The Karnataka,KTKBANK.NS
The Lakshmi,LAKSHVILAS.NS
IndusInd Bank,INDUSINDBK.NS
Punjab National,PNB.NS
United Bank,UNITEDBNK.NS
Bank of,BANKBARODA.NS
Punjab &,PSB.NS
Syndicate Bank,SYNDIBANK.NS
UCO Bank,UCOBANK.NS
Vijaya Bank,VIJAYABANK.NS
Corporation Bank,CORPBANK.NS
Dena Bank,DENABANK.NS
Housing Development,HDFC.NS
LIC Housing,LICHSGFIN.NS
PTC India,PFS.NS
Dewan Housing,DHFL.NS
Indiabulls Housing,IBULHSGFIN.NS
GIC Housing,GICHSGFIN.NS
SREI Infrastructure,SREINFRA.NS
Transwarranty Finance,TFL.NS
Can Fin,CANFINHOME.NS
GRUH Finance,GRUH.NS
Repco Home,REPCOHOME.NS
DQ Entertainment,DQE.NS
Aban Offshore,ABAN.NS
Jindal Drilling,JINDRILL.NS
Alphageo (India),ALPHAGEO.NS
Deep Industries,DEEPIND.NS
Dolphin Offshore,DOLPHINOFF.NS
GOL Offshore,GTOFFSHORE.NS
Oil Country,OILCOUNTUB.NS
Bharat Petroleum,BPCL.NS
Reliance Industries,RELIANCE.NS
Tide Water,TIDEWATER.NS
Mangalore Refinery,MRPL.NS
GP Petroleums,GULFPETRO.NS
Gulf Oil,GULFOILLUB.NS
Indian Oil,IOC.NS
Petronet LNG,PETRONET.NS
Nagarjuna Oil,NAGAROIL.NS
Panama Petrochem,PANAMAPET.NS
Chennai Petroleum,CHENNPETRO.NS
Uflex Limited,UFLEX.NS
Ess Dee,ESSDEE.NS
AMD Industries,AMDIND.NS
Antarctica Limited,ANTGRAPHIC.NS
Emmbi Industries,EMMBI.NS
Nahar Poly,NAHARPOLY.NS
Hindusthan National,HINDNATGLS.NS
Huhtamaki PPL,PAPERPROD.NS
Shree Rama,SHREERAMA.NS
Orient Press,ORIENTLTD.NS
Paramount Printpackaging,PARAPRINT.NS
Pudumjee Paper,PDMJEPAPER.NS
Pearl Polymers,PEARLPOLY.NS
Polyplex Corporation,POLYPLEX.NS
Radha Madhav,RMCL.NS
Time Technoplast,TIMETECHNO.NS
Cosmo Films,COSMOFILMS.NS
JK Paper,JKPAPER.NS
Magnum Ventures,MAGNUM.NS
Shree Rama,RAMANEWS.NS
West Coast,WSTCSTPAPR.NS
Seshasayee Paper,SESHAPAPER.NS
Ballarpur Industries,BALLARPUR.NS
Genus Paper,GENUSPAPER.NS
International Paper,IPAPPM.NS
Malu Paper,MALUPAPER.NS
Pudumjee Pulp,PDUMJEPULP.NS
Sundaram Multi,SUNDARAM.NS
Tamil Nadu,TNPL.NS
Rainbow Papers,RAINBOWPAP.NS
Servalakshmi Paper,SERVALL.NS
Star Paper,STARPAPER.NS
Ruchira Papers,RUCHIRA.NS
Shreyans Industries,SHREYANIND.NS
Dabur India,DABUR.NS
Hindustan Unilever,HINDUNILVR.NS
Jyothy Laboratories,JYOTHYLAB.NS
Zydus Wellness,ZYDUSWELL.NS
Procter &,PGHH.NS
Bajaj Corp,BAJAJCORP.NS
Emami Limited,EMAMILTD.NS
Gillette India,GILLETTE.NS
JHS Svendgaard,JHS.NS
Kaya Limited,KAYA.NS
Marico Limited,MARICO.NS
Colgate-Palmolive (India),COLPAL.NS
Bajaj Finserv,BAJAJFINSV.NS
Oberoi Realty,OBEROIRLTY.NS
Ajmera Realty,AJMERA.NS
Anant Raj,ANANTRAJ.NS
Ansal Housing,ANSALHSG.NS
Cineline India,CINELINE.NS
Emami Infrastructure,EMAMIINFRA.NS
Indiabulls Real,IBREALEST.NS
Future Market,FMNL.NS
The Motor,MOTOGENFIN.NS
Pudumjee Industries,PDUMJEIND.NS
Brigade Enterprises,BRIGADE.NS
Texmaco Infrastructure,TEXINFRA.NS
Jagran Prakashan,JAGRAN.NS
Hindustan Media,HMVL.NS
Cyber Media,CYBERMEDIA.NS
D. B.,DBCORP.NS
Navneet Education,NAVNETEDUL.NS
HT Media,HTMEDIA.NS
Infomedia Press,INFOMEDIA.NS
Sambhaav Media,SAMBHAAV.NS
MPS Limited,MPSLTD.NS
Next Mediaworks,NEXTMEDIA.NS
The Sandesh,SANDESH.NS
North Eastern,NECCLTD.NS
Commercial Engineers,CEBBCO.NS
Titagarh Wagons,TWL.NS
TCI Developers,TCIDEVELOP.NS
Mahindra Lifespace,MAHLIFE.NS
Landmark Property,LPDC.NS
Housing Development,HDIL.NS
Orbit Corporation,ORBITCORP.NS
Omaxe Limited,OMAXE.NS
Unitech Limited,UNITECH.NS
GeeCee Ventures,GEECEE.NS
Zandu Realty,ZANDUREALT.NS
Ansal Properties,ANSALAPI.NS
Arihant Foundations,ARIHANT.NS
Ashiana Housing,ASHIANA.NS
BSEL Infrastructure,BSELINFRA.NS
Ganesh Housing,GANESHHOUC.NS
DB Realty,DBREALTY.NS
DLF Limited,DLF.NS
D.S. Kulkarni,DSKULKARNI.NS
Nitesh Estates,NITESHEST.NS
Prestige Estates,PRESTIGE.NS
Godrej Properties,GODREJPROP.NS
Hubtown Limited,HUBTOWN.NS
Kolte-Patil Developers,KOLTEPATIL.NS
Peninsula Land,PENINLAND.NS
Country Condo'S,COUNCODOS.NS
The Phoenix,PHOENIXLTD.NS
MVL Limited,MVL.NS
Techindia Nirman,TECHIN.NS
PVP Ventures,PVP.NS
Sobha Limited,SOBHA.NS
Sunteck Realty,SUNTECK.NS
Prajay Engineers,PRAENG.NS
Vipul Limited,VIPUL.NS
Prozone Intu,PROZONINTU.NS
Jindal Photo,JINDALPHOT.NS
Wonderla Holidays,WONDERLA.NS
Cox &,COX&KINGS.NS
Atlas Cycles,ATLASCYCLE.NS
Talwalkars Better,TALWALKARS.NS
Kanani Industries,KANANIIND.NS
Thomas Cook,THOMASCOOK.NS
BDR Buildcon,BDR.NS
Vijay Shanthi,VIJSHAN.NS
Country Club,CCHHL.NS
Delta Corp,DELTACORP.NS
GIR Natureview,GIRRESORTS.NS
Mahindra Holidays,MHRIL.NS
Jubilant FoodWorks,JUBLFOOD.NS
Coffee Day,COFFEEDAY.NS
Speciality Restaurants,SPECIALITY.NS
Jubilant Industries,JUBLINDS.NS
Jai Corp,JAICORPLTD.NS
MRF Limited,MRF.NS
Tainwala Chemicals,TAINWALCHM.NS
Apollo Tyres,APOLLOTYRE.NS
Apcotex Industries,APCOTEXIND.NS
Astral Poly,ASTRAL.NS
CEAT Limited,CEATLTD.NS
Elgi Rubber,ELGIRUBCO.NS
Ester Industries,ESTER.NS
Tulsi Extrusions,TULSI.NS
Kemrock Industries,KEMROCK.NS
Flexituff International,FLEXITUFF.NS
Kesoram Industries,KESORAMIND.NS
Pitti Laminations,PITTILAM.NS
Tijaria Polypipes,TIJARIA.NS
Nilkamal Limited,NILKAMAL.NS
Signet Industries,SIGNETIND.NS
Texmo Pipes,TEXMOPIPES.NS
Premier Polyfilm,PREMIERPOL.NS
TVS Srichakra,TVSSRICHAK.NS
The Supreme,SUPREMEIND.NS
Tokyo Plast,TOKYOPLAST.NS
Balkrishna Industries,BALKRISIND.NS
GRP Limited,GRPLTD.NS
Responsive Industries,RESPONIND.NS
Bartronics India,BARTRONICS.NS
Zicom Electronic,ZICOM.NS
Nitin Fire,NITINFIRE.NS
Adani Ports,ADANIPORTS.NS
Dredging Corporation,DREDGECORP.NS
The Great,GESHIP.NS
Essar Shipping,ESSARSHPNG.NS
Global Offshore,GLOBOFFS.NS
Gujarat Pipavav,GPPL.NS
Shreyas Shipping,SHREYAS.NS
The Shipping,SCI.NS
Seamec Limited,SEAMECLTD.NS
Jayant Agro-Organics,JAYAGROGN.NS
Kansai Nerolac,KANSAINER.NS
Xpro India,XPROINDIA.NS
Vinyl Chemicals,VINYLINDIA.NS
Aarti Industries,AARTIIND.NS
Orient Abrasives,ORIENTABRA.NS
Agarwal Industrial,AGARIND.NS
Akzo Nobel,AKZOINDIA.NS
Alkali Metals,ALKALI.NS
Chemfab Alkalis,CHEMFALKAL.NS
Alkyl Amines,ALKYLAMINE.NS
Balaji Amines,BALAMINES.NS
Asian Paints,ASIANPAINT.NS
Shri Aster,SHRIASTER.NS
AVT Natural,AVTNPL.NS
Berger Paints,BERGEPAINT.NS
Bodal Chemicals,BODALCHEM.NS
Goa Carbon,GOACARBON.NS
Castrol India,CASTROLIND.NS
Sudarshan Chemical,SUDARSCHEM.NS
Clariant Chemicals,CLNINDIA.NS
Chromatic India,CHROMATIC.NS
Thirumalai Chemicals,TIRUMALCHM.NS
Vikas EcoTech,VIKASECO.NS
Excel Industries,EXCELINDUS.NS
I G,IGPL.NS
IVP Limited,IVP.NS
Jindal Poly,JINDALPOLY.NS
Kiri Industries,KIRIINDUS.NS
Vivimed Labs,VIVIMEDLAB.NS
Savita Oil,SOTL.NS
Omkar Speciality,OMKARCHEM.NS
Pidilite Industries,PIDILITIND.NS
Plastiblends India,PLASTIBLEN.NS
Vishnu Chemicals,VISHNU.NS
Linde India,LINDEINDIA.NS
Archies Limited,ARCHIES.NS
Hinduja Global,HGS.NS
TeamLease Services,TEAMLEASE.NS
Jindal Saw,JINDALSAW.NS
Jai Balaji,JAIBALAJI.NS
Kalyani Steels,KSL.NS
Tata Steel,TATASTEEL.NS
Surana Industries,SURANAIND.NS
Sujana Universal,SUJANAUNI.NS
NMDC Limited,NMDC.NS
Uttam Value,UTTAMVALUE.NS
Uttam Galva,UTTAMSTL.NS
Usha Martin,USHAMART.NS
Vaswani Industries,VASWANI.NS
Adhunik Metaliks,ADHUNIK.NS
National Steel,NATNLSTEEL.NS
Indian Metals,IMFA.NS
S.A.L. Steel,SALSTEEL.NS
Shah Alloys,SHAHALLOYS.NS
Maithan Alloys,MAITHANALL.NS
Gyscoal Alloys,GAL.NS
Ankit Metal,ANKITMETAL.NS
OCL Iron,OISL.NS
Monnet Ispat,MONNETISPA.NS
APL Apollo,APLAPOLLO.NS
Bedmutha Industries,BEDMUTHA.NS
Bharat Wire,BHARATWIRE.NS
Bhushan Steel,BHUSANSTL.NS
Electrosteel Steels,ESL.NS
Gallantt Ispat,GALLISPAT.NS
Gallantt Metal,GALLANTT.NS
Godawari Power,GPIL.NS
Tata Sponge,TATASPONGE.NS
Sunflag Iron,SUNFLAG.NS
ISMT Limited,ISMTLTD.NS
Sathavahana Ispat,SATHAISPAT.NS
Jayaswal Neco,JAYNECOIND.NS
Jindal Stainless,JSLHISAR.NS
Jindal Steel,JINDALSTEL.NS
Jindal Stainless,JSL.NS
Kamdhenu Limited,KAMDHENU.NS
Man Industries,MANINDS.NS
Splendid Metal,SMPL.NS
Ratnamani Metals,RATNAMANI.NS
Sarda Energy,SARDAEN.NS
MSP Steel,MSPL.NS
Mukand Limited,MUKANDLTD.NS
The Tinplate,TINPLATE.NS
Steel Authority,SAIL.NS
Pennar Industries,PENIND.NS
Prakash Steelage,PRAKASHSTL.NS
Rama Steel,RAMASTEEL.NS
Ramsarup Industries,RAMSARUP.NS
Surya Roshni,SURYAROSNI.NS
Maharashtra Seamless,MAHSEAMLES.NS
Vardhman Special,VSSL.NS
VISA Steel,VISASTEEL.NS
Tata Metaliks,TATAMETALI.NS
Welspun Corp,WELCORP.NS
Prakash Industries,PRAKASH.NS
Tata Elxsi,TATAELXSI.NS
Sasken Technologies,SASKEN.NS
Trigyn Technologies,TRIGYN.NS
Megasoft Limited,MEGASOFT.NS
Zylog Systems,ZYLOG.NS
SQS India,SQSBFSI.NS
Bharatiya Global,BGLOBAL.NS
63 Moons,FINANTECH.NS
ICSA (India),ICSA.NS
Kernex Microsystems,KERNEX.NS
R. S.,RSSOFTWARE.NS
California Software,CALSOFT.NS
8K Miles,8KMILES.NS
Subex Limited,SUBEX.NS
Tanla Solutions,TANLA.NS
Vakrangee Limited,VAKRANGEE.NS
K.P.R. Mill,KPRMILL.NS
Kitex Garments,KITEX.NS
Bang Overseas,BANG.NS
Zodiac Clothing,ZODIACLOTH.NS
Aditya Birla,ABFRL.NS
Ashapura Intimates,AIFL.NS
Celebrity Fashions,CELEBRITY.NS
Kewal Kiran,KKCL.NS
Gokaldas Exports,GOKEX.NS
PDS Multinational,PDSMFL.NS
Monte Carlo,MONTECARLO.NS
Indian Terrain,INDTERRAIN.NS
Integra Garments,INTEGRA.NS
Pearl Global,PGIL.NS
Lovable Lingerie,LOVABLE.NS
Lux Industries,LUXIND.NS
Page Industries,PAGEIND.NS
Provogue (India),PROVOGE.NS
Rupa &,RUPA.NS
Thomas Scott,THOMASCOTT.NS
SPL Industries,SPLIL.NS
Sudar Industries,SUDAR.NS
Cantabil Retail,CANTABIL.NS
SEL Manufacturing,SELMCL.NS
Mandhana Industries,MANDHANA.NS
VIP Industries,VIPIND.NS
Banaras Beads,BANARBEADS.NS
Bhartiya International,BIL.NS
Relaxo Footwears,RELAXO.NS
Mirza International,MIRZAINT.NS
Liberty Shoes,LIBERTSHOE.NS
Sreeleathers Limited,SREEL.NS
Superhouse Limited,SUPERHOUSE.NS
Bata India,BATAINDIA.NS
Jindal Cotex,JINDCOT.NS
JBF Industries,JBFIND.NS
Jindal Worldwide,JINDWORLD.NS
Indo Count,ICIL.NS
First Winner,FIRSTWIN.NS
Welspun India,WELSPUNIND.NS
The Rai,RAIREKMOH.NS
Winsome Yarns,WINSOME.NS
Zenith Exports,ZENITHEXPO.NS
Aarvee Denims,AARVEEDEN.NS
Vardhman Acrylics,VARDHACRLC.NS
AI Champdany,AICHAMP.NS
Alok Industries,ALOKTEXT.NS
Alps Industries,ALPSINDUS.NS
Ambika Cotton,AMBIKCO.NS
Bannari Amman,BASML.NS
Amit Spinning,ASIL.NS
Eurotex Industries,EUROTEXIND.NS
Sutlej Textiles,SUTLEJTEX.NS
Welspun Investments,WELINV.NS
E-Land Apparel,ELAND.NS
Arvind Limited,ARVIND.NS
Arrow Textiles,ARROWTEX.NS
Gillanders Arbuthnot,GILLANDERS.NS
Ashima Limited,ASHIMASYN.NS
AYM Syntex,AYMSYNTEX.NS
Birla Cotsyn,BIRLACOT.NS
The Bombay,BOMDYEING.NS
BSL Limited,BSL.NS
Century Enka,CENTENKA.NS
CIL Nova,CNOVAPETRO.NS
The Indian,INDIANCARD.NS
DCM Limited,DCM.NS
Nandan Denim,NDL.NS
Donear Industries,DONEAR.NS
Eastern Silk,EASTSILK.NS
Pioneer Embroideries,PIONEEREMB.NS
Nagreeka Exports,NAGREEKEXP.NS
Orbit Exports,ORBTEXP.NS
Sarla Performance,SARLAPOLY.NS
Filatex India,FILATEX.NS
Garden Silk,GARDENSILK.NS
Gangotri Textiles,GANGOTRI.NS
Garware-Wall Ropes,GARWALLROP.NS
Ginni Filaments,GINNIFILA.NS
STL Global,SGL.NS
GTN Textiles,GTNTEX.NS
Hanung Toys,HANUNG.NS
Hind Syntex,HINDSYNTEX.NS
Himatsingka Seide,HIMATSEIDE.NS
Lambodhara Textiles,LAMBODHARA.NS
Malwa Cotton,MALWACOTT.NS
Precot Meridian,PRECOT.NS
Suryajyoti Spinning,SURYAJYOTI.NS
Morarjee Textiles,MORARJEE.NS
Mohit Industries,MOHITIND.NS
Nakoda Limited,NAKODA.NS
Nahar Spinning,NAHARSPING.NS
Nahar Industrial,NAHARINDUS.NS
Nitin Spinners,NITINSPIN.NS
Maral Overseas,MARALOVER.NS
Pradip Overseas,PRADIP.NS
Patspin India,PATSPINLTD.NS
Paras Petrofils,PARASPETRO.NS
Vardhman Polytex,VARDMNPOLY.NS
Visagar Polytex,VIVIDHA.NS
Shekhawati Poly-Yarn,SPYL.NS
Rajvir Industries,RAJVIR.NS
Raj Rayon,RAJRAYON.NS
Raymond Limited,RAYMOND.NS
Indo Rama,INDORAMA.NS
RSWM Limited,RSWM.NS
The Ruby,RUBYMILLS.NS
Sangam (India),SANGAMIND.NS
Shiva Texyarn,SHIVTEX.NS
Siyaram Silk,SIYSIL.NS
Standard Industries,SIL.NS
Soma Textiles,SOMATEX.NS
Spentex Industries,SPENTEX.NS
SRF Limited,SRF.NS
STI India,STINDIA.NS
Sumeet Industries,SUMEETINDS.NS
Super Spinning,SUPERSPIN.NS
Suryalakshmi Cotton,SURYALAXMI.NS
Supreme Tex,SUPREMETEX.NS
Swan Energy,SWANENERGY.NS
Banswara Syntex,BANSWRAS.NS
T.T. Limited,TTL.NS
Mayur Uniquoters,MAYURUNIQ.NS
Vardhman Textiles,VTL.NS
Weizmann Limited,WEIZMANIND.NS
Salona Cotspin,SALONACOT.NS
Trident Limited,TRIDENT.NS
VST Industries,VSTIND.NS
Golden Tobacco,GOLDENTOBC.NS
Godfrey Phillips,GODFRYPHLP.NS
ITC Limited,ITC.NS
VRL Logistics,VRLLOG.NS
Ganesha Ecosphere,GANECOS.NS
VA Tech,WABAG.NS
Bharti Infratel,INFRATEL.NS
Idea Cellular,IDEA.NS
OnMobile Global,ONMOBILE.NS
Tata Teleservices,TTML.NS
Tata Communications,TATACOMM.NS
Mahanagar Telephone,MTNL.NS
Nu Tek,NUTEK.NS
Reliance Communications,RCOM.NS
